email,first_name,last_name
ptock0@typepad.com,Kile,
ptock0@typepad.com,Betteann,Burchess
ptock0@typepad.com,Emelda,Jagger
adafforne3@toplist.cz,Sande,
nbushaway4@woothemes.com,Madelon,Cosgrove
rbillborough5@businessinsider.com,Dee dee,Serridge
nwell6@gravatar.com,Barbabas,Jellico
asanchiz7@soup.io,Karon,Server
usabbin8@surveymonkey.com,Ario,Sywell
pabbyss9@scientificamerican.com,Arch,
idobbiea@biglobe.ne.jp,Eleni,Rigney
csutherelb@4shared.com,Sonnie,
gshuardc@people.com.cn,Grissel,Caze
jgresswelld@cyberchimps.com,Vida,Fearenside
bhambrooke@ed.gov,Roma,Kield
aboichf@privacy.gov.au,Joletta,Dulanty
mancliffg@cam.ac.uk,Kaylee,Slite
solinh@wp.com,Christophorus,Rimington
fthomi@oakley.com,Sherwynd,McNelly
rbirkbyj@wufoo.com,Leonardo,Pauleit
lhelstripk@facebook.com,Francesca,Grason
crowattl@redcross.org,Margret,Hauxley
ewilesm@alibaba.com,Thatcher,Kordovani
zchestern@cdc.gov,Velvet,Parnall
kkleinlerero@joomla.org,Esdras,Harman
dgagerp@oaic.gov.au,Marleen,Huygens
lspringq@reverbnation.com,Zak,
ldumker@illinois.edu,Elton,Pruvost
mlosanos@fc2.com,Kareem,Knellen
bnicelyt@is.gd,Hammad,Spruce
hantognelliu@creativecommons.org,Hinda,Barrowclough
jsmewingv@businessweek.com,Magdaia,Marcos
scundew@weather.com,Mira,
tlempkex@google.cn,Paulina,Saipy
balleny@csmonitor.com,Viva,Meldrum
hmackerleyz@qq.com,Dion,Offa
ooxtaby10@msn.com,Kinnie,Parsonson
tbreffit11@scribd.com,Adrianne,O'Donnell
dlowdeane12@eepurl.com,Morissa,Le febre
jcorradengo13@adobe.com,Iseabal,Edgecumbe
nyve14@cargocollective.com,Malia,Kembry
hhairesnape15@admin.ch,Arny,
jdullard16@toplist.cz,Royal,Croce
jingliby17@canalblog.com,,
abettinson18@nature.com,Shelia,Pettican
hsummerell19@adobe.com,Dorelia,Brehat
cpechet1a@sogou.com,Lynsey,Strowger
dzappel1b@goodreads.com,Bancroft,Tollfree
vcornforth1c@goo.gl,Randolf,Dietmar
vdeshon1d@oakley.com,Dolph,Plunkett
ekibbey1e@usa.gov,Viole,Matuszak
vkeddey1f@a8.net,,Connock
lalliston1g@pagesperso-orange.fr,Adrian,
gserman1h@cbc.ca,Ulric,Mizzen
jranahan1i@loc.gov,Lezlie,
jriggs1j@diigo.com,Rip,Scutching
aclist1k@huffingtonpost.com,Lynnette,Hannabus
jshermore1l@businesswire.com,Reine,Badger
gantoszczyk1m@shop-pro.jp,Nicoline,
lhazeldene1n@blog.com,Michel,Brobyn
cpatley1o@nih.gov,Lila,Papis
cgrigorushkin1p@cornell.edu,Dalenna,Killingsworth
dtregona1q@ezinearticles.com,,Milliken
ideniseau1r@squarespace.com,Gerome,Rathke
omuschette1s@umich.edu,Ruthanne,Ferenczi
smayworth1t@phpbb.com,Thatch,Cowles
sbocken1u@shop-pro.jp,Vonni,
ccassella1v@intel.com,Carey,Juniper
ydanilov1w@wufoo.com,Chauncey,Smaile
fburbage1x@e-recht24.de,Florette,De Paepe
tyorston1y@xinhuanet.com,Fred,
mangelini1z@elpais.com,Curr,Pesticcio
cboustred20@mail.ru,Tallie,
kputten21@weibo.com,Robers,
clamplugh22@bizjournals.com,Alejoa,
nharle23@bizjournals.com,Ignatius,Leser
lanthoney24@odnoklassniki.ru,Lona,Casin
ccamier25@businessweek.com,Chan,Ismirnioglou
meacle26@jugem.jp,Lynn,Fawbert
ascrine27@nydailynews.com,Glen,
rkerrich28@amazonaws.com,Brandy,Ogbourne
pbeniesh29@google.ru,Sheelah,Cook
dtaberner2a@yellowpages.com,Arturo,MacHostie
mmargetts2b@nyu.edu,Vida,Epinoy
acash2c@instagram.com,Jeanna,Copner
lalmack2d@nyu.edu,Denyse,Silverthorn
bpavie2e@alexa.com,Asher,McPhee
tbirdfield2f@discovery.com,Lyon,Druce
agaydon2g@geocities.com,Gwendolin,Tretwell
jpaur2h@delicious.com,Celina,Lubbock
wpetrusch2i@samsung.com,Bea,Yakunikov
wdawdary2j@google.de,Bibbie,Salzberger
vtregonna2k@1688.com,Bryce,Rilston
abucke2l@craigslist.org,Cornie,Stoite
okopp2m@jimdo.com,Sheppard,Loosmore
rdawney2n@yale.edu,Marius,Reeson
vpinyon2o@gnu.org,Letti,Spitaro
pdewsbury2p@spiegel.de,Melisandra,Cromblehome
enabbs2q@tumblr.com,Iseabal,Crenage
lwillatt2r@de.vu,Westbrook,Rowesby
