email,user_name,password
ptock0@typepad.com,ebontine0,hq5NFM40
ptock0@typepad.com,mguille1,vhwnMiMIhf
ptock0@typepad.com,jvaudrey2,
adafforne3@toplist.cz,ngromley3,
nbushaway4@woothemes.com,glarmor4,NyipdmvF
rbillborough5@businessinsider.com,agaffey5,YKZ8wQ
nwell6@gravatar.com,cyakunikov6,8QyxWOPGm
asanchiz7@soup.io,dteggart7,hYQtxjZUHxY
usabbin8@surveymonkey.com,fmoret8,
pabbyss9@scientificamerican.com,gbrownhill9,59VLcette
idobbiea@biglobe.ne.jp,abannarda,9bU3YjX8
csutherelb@4shared.com,egilliob,F2D1PSRGw
gshuardc@people.com.cn,dfullbrookc,MM48Oo
jgresswelld@cyberchimps.com,ngilhoolied,BesFBvPV3vGh
bhambrooke@ed.gov,fschache,H1F2Ymei
aboichf@privacy.gov.au,vdukef,nvxEAn90
mancliffg@cam.ac.uk,jhackleyg,SXZAgJ3
solinh@wp.com,nlavielleh,
fthomi@oakley.com,rhalpeinei,9urIYA
rbirkbyj@wufoo.com,tverbruggenj,O7RgEPNIw
lhelstripk@facebook.com,ktonkesk,
crowattl@redcross.org,,pArMD1E
ewilesm@alibaba.com,ccomportm,Gc2pHhH
zchestern@cdc.gov,nyaninn,QC51OXXmv
kkleinlerero@joomla.org,jjohno,r9AmaML2Hpg
dgagerp@oaic.gov.au,darnoutp,
lspringq@reverbnation.com,lgandarq,LqYSyS
ldumker@illinois.edu,owarner,ImqDPTtdH
mlosanos@fc2.com,bgwyns,VeLNy39aQ0
bnicelyt@is.gd,ctomkyst,IZtsAzWgUGSk
hantognelliu@creativecommons.org,rrubinlichtu,LSaWjzdcq
jsmewingv@businessweek.com,nmitchelhillv,YfauHGPoYgKM
scundew@weather.com,mbriscoww,v6oTySLij
tlempkex@google.cn,ghawkshawx,0uP9nD0
balleny@csmonitor.com,kglanzy,Fzdt4cOQo9ys
hmackerleyz@qq.com,whayllerz,Rsr9PE8mh
ooxtaby10@msn.com,scroote10,kQeeUBSpu8Qg
tbreffit11@scribd.com,ipochon11,2mK1asdJM
dlowdeane12@eepurl.com,vmactrustrie12,4G31ohLw
jcorradengo13@adobe.com,mrudgard13,yG4vLSc7t
nyve14@cargocollective.com,ajoll14,mI0SfTx0eF7
hhairesnape15@admin.ch,awilmut15,7DPgqu2Buo
jdullard16@toplist.cz,ldurant16,
jingliby17@canalblog.com,egreensmith17,9wsGkuwyk
abettinson18@nature.com,ttabourin18,djXivpEHcFy
hsummerell19@adobe.com,dwadly19,D4Xt1n7
cpechet1a@sogou.com,kcalkin1a,4vNXkqH
dzappel1b@goodreads.com,bklaggeman1b,nyr3pgqAy
vcornforth1c@goo.gl,mgouge1c,f7BUIBBdfg6H
vdeshon1d@oakley.com,mbelchamp1d,xFMVzcg
ekibbey1e@usa.gov,bratray1e,cIqY7hRZ
vkeddey1f@a8.net,lhillitt1f,Txbl4K0TG
lalliston1g@pagesperso-orange.fr,bgurden1g,mop6XzgpeO8e
gserman1h@cbc.ca,jburvill1h,9WnLy3mf8iBY
jranahan1i@loc.gov,dgruczka1i,9qauGuIaCf2N
jriggs1j@diigo.com,jpowrie1j,
aclist1k@huffingtonpost.com,kdeclerc1k,
jshermore1l@businesswire.com,mmutimer1l,63juGYbHd
gantoszczyk1m@shop-pro.jp,ccrew1m,HiFNL9uAQHnD
lhazeldene1n@blog.com,abrevetor1n,
cpatley1o@nih.gov,dburkill1o,cLGSoLEKMB
cgrigorushkin1p@cornell.edu,kharrald1p,kopfe7ZBsXu
dtregona1q@ezinearticles.com,brothera1q,hDPqQCQBEUJG
ideniseau1r@squarespace.com,slongmead1r,mZ9Bmg5b
omuschette1s@umich.edu,cmillin1s,dRVsQVG
smayworth1t@phpbb.com,hjovic1t,yagKL8aUQT
sbocken1u@shop-pro.jp,hbridgen1u,
ccassella1v@intel.com,aharragin1v,m2HTH2Dq
ydanilov1w@wufoo.com,tclubley1w,rT74sJtT
fburbage1x@e-recht24.de,lwesgate1x,
tyorston1y@xinhuanet.com,jtantum1y,SJj9R0JdZUv0
mangelini1z@elpais.com,ttesto1z,0ZrD2pC
cboustred20@mail.ru,ssign20,a6AS56
kputten21@weibo.com,dmclellan21,uak5SDwSwy
clamplugh22@bizjournals.com,mmorican22,Sp9pdczZ
nharle23@bizjournals.com,glorek23,
lanthoney24@odnoklassniki.ru,mbarrar24,O5bSMBQ
ccamier25@businessweek.com,dgivens25,
meacle26@jugem.jp,wdommerque26,yxaW6AceT
ascrine27@nydailynews.com,icoates27,JgUSJfuVx2a
rkerrich28@amazonaws.com,jlamping28,CyFDow8NB7
pbeniesh29@google.ru,bfrancescotti29,VSscsRSGk
dtaberner2a@yellowpages.com,seastes2a,YoSLGnBDH
mmargetts2b@nyu.edu,agrouer2b,8AJxv4
acash2c@instagram.com,mcassells2c,Q6iKUGJIHD
lalmack2d@nyu.edu,ibenkhe2d,Uqg6fSf1O4uB
bpavie2e@alexa.com,still2e,xba0jGT0gEO
tbirdfield2f@discovery.com,etousey2f,Vq788gdOJe
agaydon2g@geocities.com,mgostick2g,nQXkgySuCAq
jpaur2h@delicious.com,lcausier2h,HGiD9bwInTJ
wpetrusch2i@samsung.com,asedgeman2i,srO5l4L
wdawdary2j@google.de,edelouch2j,Ca4FyddEL
vtregonna2k@1688.com,,KXnxt82AHZl
abucke2l@craigslist.org,bdavidove2l,0ns2CuruWQ
okopp2m@jimdo.com,lchilders2m,0YCJWeqpq
rdawney2n@yale.edu,obodman2n,wkzbvXPhB
vpinyon2o@gnu.org,mjaniak2o,wBRKT4MfeGQ
pdewsbury2p@spiegel.de,rmartijn2p,
enabbs2q@tumblr.com,msummerson2q,sqYO1ybXIyt
lwillatt2r@de.vu,jgrumell2r,dgNVJLsnX
